ID,CommunityID,Bidoffer ,RichnessIndex,Proportion,AveSizePlot,Area,Plots,YoungFarmer,OldFarmer,Age,Male ,Female ,PriceHa,PricePlot,Averagesizeplot,SmallPlot,LargePlot,CWRhotspotgenus,Elevation,TransactionCost,Ecoregion1,Ecoregion2,Community ,nonGMA,GMA ,SmallFarms,FarmSize,VignaUnguiculata,VignaJuncea,EleusineCoracana,PennisetumPurpureum,SorghumBicolar ,SolanumIncanum,EleusineIndica ,Cucumis Zeyheri,OryzaLongistaminata,Richness
1,C1,183.4,5,2.8,0.5,1,2,0,1,36,1,0,187.14,91.7,0.49,1,0,2,1237,45.9,1,0,1,1,0,0,35.28,0,1,1,0,0,0,0,0,0,2
2,C1,137.6,5,60.0,0.7,1.5,2,0,1,39,0,1,93.57,68.78,0.74,1,0,2,1237,34.4,1,0,1,1,0,0,2.45,0,1,1,0,0,0,0,0,0,2
3,C1,18.3,5,50.0,0.7,0.7,1,0,1,64,0,1,24.78,18.34,0,1,0,2,1237,4.6,1,0,1,1,0,1,1.47,0,1,1,0,0,0,0,0,0,2
4,C1,91.7,5,50.0,0.5,0.5,1,0,1,50,0,1,187.14,91.7,0.49,1,0,2,1237,22.9,1,0,1,1,0,1,0.98,0,1,1,0,0,0,0,0,0,2
5,C1,91.7,5,50.0,0.5,0.3,0.5,1,0,27,0,1,366.8,183.4,0,1,0,2,1237,22.9,1,0,1,1,0,1,0.49,0,1,1,0,0,0,0,0,0,2
6,C1,91.7,5,16.7,0.5,0.3,0.5,0,1,36,0,1,366.8,183.4,0.5,1,0,2,1237,22.9,1,0,1,1,0,1,1.47,0,1,1,0,0,0,0,0,0,2
7,C1,91.7,5,33.3,0.5,0.5,1,1,0,25,0,1,187.14,91.7,0.49,1,0,2,1237,22.9,1,0,1,1,0,1,1.47,0,1,1,0,0,0,0,0,0,2
8,C1,275.1,5,30.0,0.5,1.5,3,0,1,57,1,0,187.14,91.7,0.49,1,0,2,1237,68.8,1,0,1,1,0,0,4.9,0,1,1,0,0,0,0,0,0,2
9,C1,183.4,5,13.3,0.5,1,2,0,1,55,1,0,187.14,91.7,0.49,1,0,2,1237,45.9,1,0,1,1,0,0,7.35,0,1,1,0,0,0,0,0,0,2
10,C1,137.6,5,12.5,0.5,1,2,0,1,38,1,0,140.36,68.78,0.49,1,0,2,1237,34.4,1,0,1,1,0,0,7.84,0,1,1,0,0,0,0,0,0,2
11,C1,165.1,5,15.0,0.5,1.5,3,1,0,32,1,0,112.29,55.02,0.49,1,0,2,1237,41.3,1,0,1,1,0,0,9.8,0,1,1,0,0,0,0,0,0,2
12,C1,183.4,5,33.3,0.5,1,2,0,1,40,1,0,187.14,91.7,0.49,1,0,2,1237,45.9,1,0,1,1,0,0,2.94,0,1,1,0,0,0,0,0,0,2
13,C1,137.6,5,16.7,0.5,1,2,0,1,53,0,1,140.36,68.78,0.49,1,0,2,1237,34.4,1,0,1,1,0,0,5.88,0,1,1,0,0,0,0,0,0,2
14,C1,91.7,5,16.7,0.5,0.5,1,1,0,30,0,1,187.14,91.7,0.49,1,0,2,1237,22.9,1,0,1,1,0,0,2.94,0,1,1,0,0,0,0,0,0,2
15,C1,183.4,5,25.0,0.5,1,2,0,1,40,1,0,187.14,91.7,0.49,1,0,2,1237,45.9,1,0,1,1,0,0,3.92,0,1,1,0,0,0,0,0,0,2
16,C1,91.7,5,28.6,0.5,1,2,1,0,28,1,0,93.57,45.85,0.49,1,0,2,1237,22.9,1,0,1,1,0,0,3.43,0,1,1,0,0,0,0,0,0,2
17,C1,137.6,5,12.5,0.5,0.5,1,0,1,36,1,0,280.71,137.55,0,1,0,2,1237,34.4,1,0,1,1,0,0,3.92,0,1,1,0,0,0,0,0,0,2
18,C1,18.3,6,25.0,0.3,0.5,2,0,1,50,1,0,36.68,9.17,0.25,1,0,2,1237,4.6,1,0,1,1,0,1,2,0,0,0,0,0,0,0,0,0,0
19,C2,18.3,6,16.7,0.3,0.5,2,0,1,42,1,0,36.68,9.17,0.25,1,0,2,994,4.6,1,0,2,1,0,0,3,0,0,0,0,0,0,0,0,0,0
20,C2,18.3,6,3.6,0.3,0.5,2,0,1,67,1,0,36.68,9.17,0.25,1,0,2,994,4.6,1,0,2,1,0,0,13.75,0,0,0,0,0,0,0,0,0,0
21,C2,18.3,6,25.0,0.3,0.5,2,0,1,59,1,0,36.68,9.17,0.25,1,0,2,994,4.6,1,0,2,1,0,1,2,0,0,0,0,0,0,0,0,0,0
22,C2,18.3,6,25.0,0.3,0.5,2,0,1,39,1,0,36.68,9.17,0.25,1,0,2,994,4.6,1,0,2,1,0,1,2,0,0,0,0,0,0,0,0,0,0
23,C2,18.3,6,18.2,0.3,0.5,2,0,1,46,1,0,36.68,9.17,0.25,1,0,2,994,4.6,1,0,2,1,0,0,2.75,0,0,0,0,0,0,0,0,0,0
24,C2,18.3,6,33.3,0.3,0.5,2,0,1,39,1,0,36.68,9.17,0.25,1,0,2,994,4.6,1,0,2,1,0,1,1.5,0,0,0,0,0,0,0,0,0,0
25,C2,18.3,6,33.3,0.3,0.5,2,0,1,44,1,0,36.68,9.17,0.25,1,0,2,994,4.6,1,0,2,1,0,1,1.5,0,0,0,0,0,0,0,0,0,0
26,C2,18.3,6,33.3,0.3,0.5,2,0,1,42,0,1,36.68,9.17,0.25,1,0,2,994,4.6,1,0,2,1,0,1,1.5,0,0,0,0,0,0,0,0,0,0
27,C2,18.3,6,22.2,0.3,0.5,2,0,1,52,1,0,36.68,9.17,0.25,1,0,2,994,4.6,1,0,2,1,0,0,2.25,0,0,0,0,0,0,0,0,0,0
28,C2,18.3,6,50.0,0.3,0.5,2,1,0,26,1,0,36.68,9.17,0.25,1,0,2,994,4.6,1,0,2,1,0,1,1,0,0,0,0,0,0,0,0,0,0
29,C2,18.3,6,66.7,0.3,0.5,2,1,0,24,1,0,36.68,9.17,0.25,1,0,2,994,4.6,1,0,2,1,0,1,0.75,0,0,0,0,0,0,0,0,0,0
30,C2,18.3,6,25.0,0.3,0.5,2,0,1,38,1,0,36.68,9.17,0.25,1,0,2,994,4.6,1,0,2,1,0,1,2,0,0,0,0,0,0,0,0,0,0
31,C2,18.3,6,16.7,0.3,0.5,2,0,1,54,1,0,36.68,9.17,0.25,1,0,2,994,4.6,1,0,2,1,0,0,3,0,0,0,0,0,0,0,0,0,0
32,C2,18.3,6,25.0,0.3,0.5,2,0,1,41,1,0,36.68,9.17,0.25,1,0,2,994,4.6,1,0,2,1,0,1,2,0,0,0,0,0,0,0,0,0,0
33,C2,18.3,6,20.0,0.3,0.5,2,0,1,44,0,1,36.68,9.17,0.25,1,0,2,994,4.6,1,0,2,1,0,0,2.5,0,0,0,0,0,0,0,0,0,0
34,C2,18.3,6,16.7,0.3,0.5,2,0,1,54,1,0,36.68,9.17,0.25,1,0,2,994,4.6,1,0,2,1,0,0,3,0,0,0,0,0,0,0,0,0,0
35,C2,18.3,6,,0.3,0.5,2,0,1,60,0,1,36.68,9.17,0.25,1,0,2,994,4.6,1,0,2,1,0,1,0,0,0,0,0,0,0,0,0,0,0
37,C3,137.6,5,22.2,0.5,0.5,1,0,1,44,1,0,275.1,137.55,0.5,1,0,2,970,34.4,1,0,3,1,0,0,2.25,1,1,1,0,0,0,0,0,0,3
41,C3,45.9,5,10.0,0.3,0.3,1,0,1,45,1,0,183.4,45.85,0.25,1,0,2,970,11.5,1,0,3,1,0,0,2.5,1,1,1,0,0,0,0,0,0,3
48,C3,45.9,5,16.7,0.3,0.3,1,0,1,57,1,0,183.4,45.85,0.25,1,0,2,970,11.5,1,0,3,1,0,1,1.5,1,1,1,0,0,0,0,0,0,3
51,C4,137.6,5,10.0,0.1,0.3,2,0,1,61,1,0,550.2,68.78,0.13,1,0,2,990,34.4,1,0,4,1,0,0,2.5,1,0,0,0,0,0,0,0,0,1
52,C4,183.4,5,20.0,0.1,0.5,4,1,0,29,1,0,366.8,45.85,0.13,1,0,2,990,45.9,1,0,4,1,0,0,2.5,1,0,0,0,0,0,0,0,0,1
53,C4,91.7,5,14.3,0.1,0.3,2,0,1,39,1,0,366.8,45.85,0.13,1,0,2,990,22.9,1,0,4,1,0,1,1.75,1,0,0,0,0,0,0,0,0,1
54,C4,82.5,5,12.5,0.1,0.3,2,0,1,45,0,1,330.12,41.27,0.13,1,0,2,990,20.6,1,0,4,1,0,1,2,1,0,0,0,0,0,0,0,0,1
55,C4,137.6,5,33.3,0.3,0.5,2,0,1,39,0,1,275.1,68.78,0.25,1,0,2,990,34.4,1,0,4,1,0,1,1.5,1,0,0,0,0,0,0,0,0,1
56,C4,100.9,5,18.8,0.2,0.4,2,0,1,42,1,0,268.99,50.44,0.19,1,0,2,990,25.2,1,0,4,1,0,1,2,1,0,0,0,0,0,0,0,0,1
57,C4,110,5,40.0,0.3,0.5,2,0,1,38,1,0,220.08,55.02,0.25,1,0,2,990,27.5,1,0,4,1,0,1,1.25,1,0,0,0,0,0,0,0,0,1
58,C4,110,5,30.0,0.2,0.4,2,1,0,22,1,0,293.44,55.02,0.19,1,0,2,990,27.5,1,0,4,1,0,1,1.25,1,0,0,0,0,0,0,0,0,1
59,C4,91.7,5,12.5,0.3,0.3,1,0,1,36,1,0,366.8,91.7,0.25,1,0,2,990,22.9,1,0,4,1,0,1,2,1,0,0,0,0,0,0,0,0,1
60,C4,91.7,5,20.0,0.3,0.3,1,0,1,35,1,0,366.8,91.7,0.25,1,0,2,990,22.9,1,0,4,1,0,1,1.25,1,0,0,0,0,0,0,0,0,1
61,C4,165.1,5,40.0,0.3,0.5,2,0,1,42,0,1,330.12,82.53,0.25,1,0,2,990,41.3,1,0,4,1,0,1,1.25,1,0,0,0,0,0,0,0,0,1
62,C4,137.6,5,25.0,0.3,0.5,2,0,1,37,1,0,275.1,68.78,0.25,1,0,2,990,34.4,1,0,4,1,0,1,2,1,0,0,0,0,0,0,0,0,1
63,C4,146.7,5,33.3,0.5,0.5,1,0,1,50,0,1,293.44,146.72,0.5,1,0,2,990,36.7,1,0,4,1,0,1,1.5,1,0,0,0,0,0,0,0,0,1
64,C4,82.5,5,20.0,0.3,0.3,1,0,1,39,1,0,330.12,82.53,0.25,1,0,2,990,20.6,1,0,4,1,0,1,1.25,1,0,0,0,0,0,0,0,0,1
65,C4,55,5,14.3,0.3,0.3,1,1,0,30,0,1,220.08,55.02,0.25,1,0,2,990,13.8,1,0,4,1,0,1,1.75,1,0,0,0,0,0,0,0,0,1
66,C4,45.9,5,5.6,0.1,0.1,1,1,0,24,0,1,366.8,45.85,0.13,1,0,2,990,11.5,1,0,4,1,0,0,2.25,1,0,0,0,0,0,0,0,0,1
67,C4,91.7,5,16.7,0.1,0.3,2,0,1,47,1,0,366.8,45.85,0.13,1,0,2,990,22.9,1,0,4,1,0,1,1.5,1,0,0,0,0,0,0,0,0,1
68,C4,45.9,5,6.3,0.1,0.1,1,0,1,39,0,1,366.8,45.85,0.13,1,0,2,990,11.5,1,0,4,1,0,1,2,1,0,0,0,0,0,0,0,0,1
69,C4,64.2,5,7.1,0.1,0.1,1,0,1,43,1,0,513.52,64.19,0.13,1,0,2,990,16,1,0,4,1,0,1,1.75,1,0,0,0,0,0,0,0,0,1
70,C4,82.5,5,16.7,0.1,0.4,3,0,1,51,0,1,220.08,27.51,0.13,1,0,2,990,20.6,1,0,4,1,0,0,2.25,1,0,0,0,0,0,0,0,0,1
73,C5,137.6,4,33.3,0.3,0.5,1.5,0,1,50,1,0,280.71,91.7,0.33,1,0,0,1152,34.4,1,0,5,1,0,1,1.47,0,0,0,0,0,0,0,0,0,0
74,C5,137.6,4,33.3,0.5,0.5,1,0,1,47,1,0,280.71,137.55,0.49,1,0,0,1152,34.4,1,0,5,1,0,1,1.47,0,0,0,0,0,0,0,0,0,0
75,C5,45.9,4,50.0,0.5,0.5,1,0,1,42,0,1,93.57,45.85,0,1,0,0,1152,11.5,1,0,5,1,0,1,0.98,0,0,0,0,0,0,0,0,0,0
79,C5,183.4,4,50.0,0.7,0.7,1,0,1,46,1,0,249.52,183.4,0,1,0,0,1152,45.9,1,0,5,1,0,1,1.47,0,0,0,0,0,0,0,0,0,0
80,C5,165.1,4,50.0,0.5,0.5,1,0,1,35,0,1,336.86,165.06,0,1,0,0,1152,41.3,1,0,5,1,0,1,0.98,0,0,0,0,0,0,0,0,0,0
81,C5,155.9,4,50.0,0.5,0.5,1,0,1,36,0,1,318.14,155.89,0,1,0,0,1152,39,1,0,5,1,0,1,0.98,0,0,0,0,0,0,0,0,0,0
82,C5,229.3,4,100.0,0.5,1,2,0,1,37,1,0,233.93,114.63,0,1,0,0,1152,57.3,1,0,5,1,0,1,0.98,0,0,0,0,0,0,0,0,0,0
83,C5,275.1,4,100.0,0.5,1,2,0,1,65,1,0,280.71,137.55,0,1,0,0,1152,68.8,1,0,5,1,0,1,0.98,0,0,0,0,0,0,0,0,0,0
84,C5,146.7,4,100.0,0.5,0.5,1,0,1,35,1,0,299.43,146.72,0,1,0,0,1152,36.7,1,0,5,1,0,1,0.49,0,0,0,0,0,0,0,0,0,0
87,C5,137.6,4,100.0,0.5,0.5,1,1,0,28,0,1,280.71,137.55,0,1,0,0,1152,34.4,1,0,5,1,0,1,0.49,0,0,0,0,0,0,0,0,0,0
88,C5,174.2,4,100.0,0.5,0.5,1,0,1,45,0,1,355.57,174.23,0,1,0,0,1152,43.6,1,0,5,1,0,1,0.49,0,0,0,0,0,0,0,0,0,0
89,C5,82.5,4,100.0,0.5,0.5,1,0,1,38,1,0,168.43,82.53,0,1,0,0,1152,20.6,1,0,5,1,0,1,0.49,0,0,0,0,0,0,0,0,0,0
91,C6,178.8,4,6.3,0.5,0.5,1,0,1,61,1,0,364.93,178.82,0.49,1,0,1,847,44.7,1,0,6,1,0,0,7.84,1,0,0,0,1,1,1,0,0,4
92,C6,64.2,4,20.0,1.0,2,2,1,0,25,0,1,32.75,32.1,0.98,0,1,1,847,16,1,0,6,1,0,0,9.8,1,0,0,0,1,1,1,0,0,4
93,C6,174.2,4,10.0,1.0,1,1,0,1,40,0,1,177.79,174.23,0.98,0,1,1,847,43.6,1,0,6,1,0,0,9.8,1,0,0,0,1,1,1,0,0,4
94,C6,165.1,4,20.0,0.1,0.5,4,0,1,40,0,1,336.86,41.27,0.12,1,0,1,847,41.3,1,0,6,1,0,0,2.45,1,0,0,0,1,1,1,0,0,4
95,C6,91.7,4,37.5,0.7,1.5,2,0,1,58,1,0,62.38,45.85,0.74,1,0,1,847,22.9,1,0,6,1,0,0,3.92,1,0,0,0,1,1,1,0,0,4
96,C6,110,4,20.0,0.2,1,4,1,0,28,1,0,112.29,27.51,0.25,1,0,1,847,27.5,1,0,6,1,0,0,4.9,1,0,0,0,1,1,1,0,0,4
97,C6,137.6,4,16.7,0.5,2,4,0,1,52,0,1,70.18,34.39,0.49,1,0,1,847,34.4,1,0,6,1,0,0,11.76,1,0,0,0,1,1,1,0,0,4
98,C6,91.7,4,50.0,0.5,2.5,5,1,0,29,0,1,37.43,18.34,0.49,1,0,1,847,22.9,1,0,6,1,0,0,4.9,1,0,0,0,1,1,1,0,0,4
99,C6,73.4,4,26.7,1.0,2,2,0,1,42,0,1,37.43,36.68,0.98,0,1,1,847,18.3,1,0,6,1,0,0,7.35,1,0,0,0,1,1,1,0,0,4
100,C6,45.9,4,50.0,2.0,3.9,2,0,1,39,0,1,11.7,22.93,1.96,0,1,1,847,11.5,1,0,6,1,0,0,7.84,1,0,0,0,1,1,1,0,0,4
101,C6,45.9,4,25.0,0.2,0.5,2,1,0,23,1,0,93.57,22.93,0.25,1,0,1,847,11.5,1,0,6,1,0,1,1.96,1,0,0,0,1,1,1,0,0,4
102,C6,73.4,4,10.7,0.5,1.5,3,0,1,43,1,0,49.9,24.45,0.49,1,0,1,847,18.3,1,0,6,1,0,0,13.72,1,0,0,0,1,1,1,0,0,4
103,C6,55,4,62.5,2.5,4.9,2,0,1,47,1,0,11.23,27.51,2.45,0,1,1,847,13.8,1,0,6,1,0,0,7.84,1,0,0,0,1,1,1,0,0,4
104,C6,45.9,4,30.0,0.5,1.5,3,1,0,32,1,0,31.19,15.28,0.49,1,0,1,847,11.5,1,0,6,1,0,0,4.9,1,0,0,0,1,1,1,0,0,4
105,C6,137.6,4,37.5,0.5,1.5,3,0,1,49,0,1,93.57,45.85,0.49,1,0,1,847,34.4,1,0,6,1,0,0,3.92,1,0,0,0,1,1,1,0,0,4
106,C6,55,4,50.0,1.0,2,2,1,0,25,1,0,28.07,27.51,0.98,0,1,1,847,13.8,1,0,6,1,0,0,3.92,1,0,0,0,1,1,1,0,0,4
107,C6,137.6,4,22.2,0.5,1,2,0,1,41,0,1,140.36,68.78,0.49,1,0,1,847,34.4,1,0,6,1,0,0,4.41,1,0,0,0,1,1,1,0,0,4
108,C6,55,4,20.0,0.5,1,2,0,1,42,0,1,56.14,27.51,0.49,1,0,1,847,13.8,1,0,6,1,0,0,4.9,1,0,0,0,1,1,1,0,0,4
109,C6,45.9,4,20.0,0.2,0.5,2,1,0,26,0,1,93.57,22.93,0.25,1,0,1,847,11.5,1,0,6,1,0,0,2.45,1,0,0,0,1,1,1,0,0,4
110,C6,82.5,4,10.7,0.5,1.5,3,1,0,30,1,0,56.14,27.51,0.49,1,0,1,847,20.6,1,0,6,1,0,0,13.72,1,0,0,0,1,1,1,0,0,4
111,C7,183.4,3,40.0,0.5,1,2,1,0,29,1,0,187.14,91.7,0.49,1,0,0,1103,45.9,1,0,7,1,0,0,2.45,0,0,0,0,0,0,0,0,0,0
112,C7,183.4,3,33.3,0.5,1,2,0,1,56,0,1,187.14,91.7,0.49,1,0,0,1103,45.9,1,0,7,1,0,0,2.94,0,0,0,0,0,0,0,0,0,0
113,C7,45.9,3,50.0,0.5,1,2,1,0,20,1,0,46.79,22.93,0.49,1,0,0,1103,11.5,1,0,7,1,0,1,1.96,0,0,0,0,0,0,0,0,0,0
114,C7,137.6,3,28.6,0.5,1,2,0,1,54,1,0,140.36,68.78,0.49,1,0,0,1103,34.4,1,0,7,1,0,0,3.43,0,0,0,0,0,0,0,0,0,0
115,C7,73.4,3,20.0,0.5,0.5,1,0,1,50,1,0,149.71,73.36,0.49,1,0,0,1103,18.3,1,0,7,1,0,0,2.45,0,0,0,0,0,0,0,0,0,0
116,C7,91.7,3,25.0,0.5,1,2,0,1,56,1,0,93.57,45.85,0.49,1,0,0,1103,22.9,1,0,7,1,0,0,3.92,0,0,0,0,0,0,0,0,0,0
117,C7,82.5,3,25.0,0.5,0.5,1,0,1,56,0,1,168.43,82.53,0.49,1,0,0,1103,20.6,1,0,7,1,0,1,1.96,0,0,0,0,0,0,0,0,0,0
118,C7,45.9,3,16.7,0.5,0.5,1,0,1,71,0,1,93.57,45.85,0.49,1,0,0,1103,11.5,1,0,7,1,0,0,2.94,0,0,0,0,0,0,0,0,0,0
119,C7,64.2,3,20.0,0.5,0.5,1,0,1,60,0,1,131,64.19,0.49,1,0,0,1103,16,1,0,7,1,0,0,2.45,0,0,0,0,0,0,0,0,0,0
120,C7,91.7,3,33.3,0.5,0.5,1,1,0,32,1,0,187.14,91.7,0.49,1,0,0,1103,22.9,1,0,7,1,0,1,1.47,0,0,0,0,0,0,0,0,0,0
121,C7,91.7,3,33.3,0.5,0.5,1,1,0,31,0,1,187.14,91.7,0.49,1,0,0,1103,22.9,1,0,7,1,0,1,1.47,0,0,0,0,0,0,0,0,0,0
122,C7,45.9,3,20.0,0.5,0.5,1,0,1,75,1,0,93.57,45.85,0.49,1,0,0,1103,11.5,1,0,7,1,0,0,2.45,0,0,0,0,0,0,0,0,0,0
123,C7,91.7,3,25.0,0.5,0.5,1,0,1,57,0,1,187.14,91.7,0.49,1,0,0,1103,22.9,1,0,7,1,0,1,1.96,0,0,0,0,0,0,0,0,0,0
124,C7,73.4,3,50.0,0.5,1,2,0,1,42,1,0,74.86,36.68,0.49,1,0,0,1103,18.3,1,0,7,1,0,1,1.96,0,0,0,0,0,0,0,0,0,0
125,C8,22.9,5,25.0,0.3,0.5,2,0,1,40,1,0,45.85,11.46,0.25,1,0,1,1082,5.7,1,0,8,0,1,1,2,0,0,0,0,0,0,0,0,0,0
126,C8,55,5,50.0,0.4,1.5,4,0,1,45,1,0,36.68,13.76,0.38,1,0,1,1082,13.8,1,0,8,0,1,0,3,0,0,0,0,0,0,0,0,0,0
127,C8,27.5,5,16.7,0.3,0.5,2,0,1,74,1,0,55.02,13.76,0.25,1,0,1,1082,6.9,1,0,8,0,1,0,3,0,0,0,0,0,0,0,0,0,0
128,C8,55,5,25.0,1.0,1,1,0,1,40,1,0,55.02,55.02,1,0,1,1,1082,13.8,1,0,8,0,1,0,4,0,0,0,0,0,0,0,0,0,0
129,C8,27.5,5,25.0,0.5,0.5,1,0,1,49,0,1,55.02,27.51,0.5,1,0,1,1082,6.9,1,0,8,0,1,1,2,0,0,0,0,0,0,0,0,0,0
130,C8,13.8,5,20.0,0.5,0.5,1,0,1,40,1,0,27.51,13.76,0.5,1,0,1,1082,3.4,1,0,8,0,1,0,2.5,0,0,0,0,0,0,0,0,0,0
131,C8,18.3,5,25.0,0.5,0.5,1,0,1,35,1,0,36.68,18.34,0.5,1,0,1,1082,4.6,1,0,8,0,1,1,2,0,0,0,0,0,0,0,0,0,0
132,C8,27.5,5,50.0,0.5,1,2,0,1,36,0,1,27.51,13.76,0.5,1,0,1,1082,6.9,1,0,8,0,1,1,2,0,0,0,0,0,0,0,0,0,0
133,C8,55,5,37.5,0.5,1.5,3,0,1,40,1,0,36.68,18.34,0.5,1,0,1,1082,13.8,1,0,8,0,1,0,4,0,0,0,0,0,0,0,0,0,0
134,C8,55,5,37.5,0.5,1.5,3,0,1,37,1,0,36.68,18.34,0.5,1,0,1,1082,13.8,1,0,8,0,1,0,4,0,0,0,0,0,0,0,0,0,0
135,C8,77.9,5,40.0,1.0,2,2,1,0,30,1,0,38.97,38.97,1,0,1,1,1082,19.5,1,0,8,0,1,0,5,0,0,0,0,0,0,0,0,0,0
136,C8,55,5,25.0,1.0,1,1,0,1,60,0,1,55.02,55.02,1,0,1,1,1082,13.8,1,0,8,0,1,0,4,0,0,0,0,0,0,0,0,0,0
137,C8,27.5,5,50.0,1.0,1,1,1,0,28,1,0,27.51,27.51,1,0,1,1,1082,6.9,1,0,8,0,1,1,2,0,0,0,0,0,0,0,0,0,0
138,C8,32.1,5,40.0,0.5,1,2,0,1,42,0,1,32.1,16.05,0.5,1,0,1,1082,8,1,0,8,0,1,0,2.5,0,0,0,0,0,0,0,0,0,0
139,C8,27.5,5,50.0,1.0,1,1,1,0,27,0,1,27.51,27.51,1,0,1,1,1082,6.9,1,0,8,0,1,1,2,0,0,0,0,0,0,0,0,0,0
140,C8,32.1,5,33.3,1.5,1.5,1,0,1,57,1,0,21.4,32.1,1.5,0,1,1,1082,8,1,0,8,0,1,0,4.5,0,0,0,0,0,0,0,0,0,0
141,C8,55,5,25.0,1.0,1,1,1,0,31,0,1,55.02,55.02,1,0,1,1,1082,13.8,1,0,8,0,1,0,4,0,0,0,0,0,0,0,0,0,0
142,C8,137.6,5,25.0,1.3,2.5,2,0,1,40,1,0,55.02,68.78,1.25,0,1,1,1082,34.4,1,0,8,0,1,0,10,0,0,0,0,0,0,0,0,0,0
143,C8,155.9,5,37.5,1.5,3,2,1,0,34,1,0,51.96,77.95,1.5,0,1,1,1082,39,1,0,8,0,1,0,8,0,0,0,0,0,0,0,0,0,0
144,C8,155.9,5,37.5,1.5,3,2,0,1,37,1,0,51.96,77.95,1.5,0,1,1,1082,39,1,0,8,0,1,0,8,0,0,0,0,0,0,0,0,0,0
145,C8,27.5,5,,1.0,1,1,0,1,37,0,1,27.51,27.51,1,0,1,1,1082,6.9,1,0,8,0,1,1,0,0,0,0,0,0,0,0,0,0,0
146,C8,27.5,5,40.0,1.0,1,1,1,0,33,1,0,27.51,27.51,1,0,1,1,1082,6.9,1,0,8,0,1,0,2.5,0,0,0,0,0,0,0,0,0,0
147,C8,27.5,5,40.0,1.0,1,1,0,1,67,0,1,27.51,27.51,1,0,1,1,1082,6.9,1,0,8,0,1,0,2.5,0,0,0,0,0,0,0,0,0,0
148,C8,33,5,50.0,1.0,1,1,1,0,24,1,0,33.01,33.01,1,0,1,1,1082,8.3,1,0,8,0,1,1,2,0,0,0,0,0,0,0,0,0,0
149,C8,27.5,5,33.3,0.5,1,2,0,1,43,0,1,27.51,13.76,0.5,1,0,1,1082,6.9,1,0,8,0,1,0,3,0,0,0,0,0,0,0,0,0,0
150,C8,55,5,40.0,2.0,2,1,0,1,45,1,0,27.51,55.02,2,0,1,1,1082,13.8,1,0,8,0,1,0,5,0,0,0,0,0,0,0,0,0,0
151,C9,366.8,5,40.0,,1,,1,0,30,1,0,374.29,,,,,2,1104,91.7,1,0,9,0,1,0,2.45,0,0,0,0,0,0,0,0,0,0
152,C9,55,5,16.7,,0.5,,0,1,57,1,0,112.29,,,,,2,1104,13.8,1,0,9,0,1,0,2.94,0,0,0,0,0,0,0,0,0,0
153,C9,64.2,5,14.3,,0.5,,1,0,33,1,0,131,,,,,2,1104,16,1,0,9,0,1,0,3.43,0,0,0,0,0,0,0,0,0,0
154,C9,275.1,5,20.0,,0.5,,1,0,25,1,0,561.43,,,,,2,1104,68.8,1,0,9,0,1,0,2.45,0,0,0,0,0,0,0,0,0,0
155,C9,183.4,5,25.0,,0.5,,1,0,33,0,1,374.29,,,,,2,1104,45.9,1,0,9,0,1,1,1.96,0,0,0,0,0,0,0,0,0,0
156,C9,275.1,5,16.7,,0.5,,0,1,46,1,0,561.43,,,,,2,1104,68.8,1,0,9,0,1,0,2.94,0,0,0,0,0,0,0,0,0,0
157,C9,82.5,5,20.0,,0.5,,0,1,48,0,1,168.43,,,,,2,1104,20.6,1,0,9,0,1,0,2.45,0,0,0,0,0,0,0,0,0,0
158,C9,275.1,5,25.0,,0.5,,0,1,37,0,1,561.43,,,,,2,1104,68.8,1,0,9,0,1,1,1.96,0,0,0,0,0,0,0,0,0,0
159,C9,183.4,5,25.0,,0.5,,1,0,30,0,1,374.29,,,,,2,1104,45.9,1,0,9,0,1,1,1.96,0,0,0,0,0,0,0,0,0,0
160,C9,321,5,12.5,,0.5,,0,1,52,0,1,655,,,,,2,1104,80.2,1,0,9,0,1,0,3.92,0,0,0,0,0,0,0,0,0,0
161,C9,321,5,14.3,,0.5,,0,1,60,1,0,655,,,,,2,1104,80.2,1,0,9,0,1,0,3.43,0,0,0,0,0,0,0,0,0,0
162,C9,73.4,5,33.3,,0.5,,0,1,58,0,1,149.71,,,,,2,1104,18.3,1,0,9,0,1,1,1.47,0,0,0,0,0,0,0,0,0,0
163,C9,321,5,25.0,,0.5,,0,1,65,1,0,655,,,,,2,1104,80.2,1,0,9,0,1,1,1.96,0,0,0,0,0,0,0,0,0,0
164,C9,366.8,5,16.7,,0.5,,0,1,49,0,1,748.57,,,,,2,1104,91.7,1,0,9,0,1,0,2.94,0,0,0,0,0,0,0,0,0,0
165,C9,45.9,5,33.3,,0.5,,1,0,30,0,1,93.57,,,,,2,1104,11.5,1,0,9,0,1,1,1.47,0,0,0,0,0,0,0,0,0,0
166,C9,55,5,25.0,,0.5,,0,1,55,0,1,112.29,,,,,2,1104,13.8,1,0,9,0,1,1,1.96,0,0,0,0,0,0,0,0,0,0
167,C9,73.4,5,20.0,,0.5,,0,1,40,0,1,149.71,,,,,2,1104,18.3,1,0,9,0,1,0,2.45,0,0,0,0,0,0,0,0,0,0
168,C9,82.5,5,33.3,,0.5,,1,0,21,1,0,168.43,,,,,2,1104,20.6,1,0,9,0,1,1,1.47,0,0,0,0,0,0,0,0,0,0
169,C9,64.2,5,33.3,,0.5,,1,0,23,0,1,131,,,,,2,1104,16,1,0,9,0,1,1,1.47,0,0,0,0,0,0,0,0,0,0
170,C9,27.5,5,25.0,,0.5,,1,0,31,1,0,56.14,,,,,2,1104,6.9,1,0,9,0,1,1,1.96,0,0,0,0,0,0,0,0,0,0
171,C9,73.4,5,16.7,,0.5,,0,1,40,0,1,149.71,,,,,2,1104,18.3,1,0,9,0,1,0,2.94,0,0,0,0,0,0,0,0,0,0
172,C9,82.5,5,25.0,,0.5,,0,1,57,0,1,168.43,,,,,2,1104,20.6,1,0,9,0,1,1,1.96,0,0,0,0,0,0,0,0,0,0
173,C9,137.6,5,20.0,,0.5,,0,1,50,0,1,280.71,,,,,2,1104,34.4,1,0,9,0,1,0,2.45,0,0,0,0,0,0,0,0,0,0
174,C9,91.7,5,25.0,,0.5,,0,1,52,0,1,187.14,,,,,2,1104,22.9,1,0,9,0,1,1,1.96,0,0,0,0,0,0,0,0,0,0
175,C9,275.1,5,33.3,,0.5,,1,0,28,0,1,561.43,,,,,2,1104,68.8,1,0,9,0,1,1,1.47,0,0,0,0,0,0,0,0,0,0
176,C9,87.1,5,25.0,,0.5,,0,1,55,1,0,177.79,,,,,2,1104,21.8,1,0,9,0,1,1,1.96,0,0,0,0,0,0,0,0,0,0
177,C9,55,5,20.0,,0.5,,1,0,25,1,0,112.29,,,,,2,1104,13.8,1,0,9,0,1,0,2.45,0,0,0,0,0,0,0,0,0,0
178,C9,91.7,5,20.0,,0.5,,1,0,25,1,0,187.14,,,,,2,1104,22.9,1,0,9,0,1,0,2.45,0,0,0,0,0,0,0,0,0,0
179,C9,275.1,5,25.0,,0.5,,1,0,28,1,0,561.43,,,,,2,1104,68.8,1,0,9,0,1,1,1.96,0,0,0,0,0,0,0,0,0,0
180,C9,73.4,5,33.3,,0.5,,1,0,30,0,1,149.71,,,,,2,1104,18.3,1,0,9,0,1,1,1.47,0,0,0,0,0,0,0,0,0,0
181,C10,275.1,3,16.7,0.5,1,2,0,1,45,0,1,280.71,137.55,0.49,1,0,2,1102,68.8,1,0,10,0,1,0,5.88,0,0,0,0,0,0,0,0,0,0
182,C10,366.8,3,5.0,0.5,0.5,1,0,1,37,1,0,733.6,366.8,0.5,1,0,2,1102,91.7,1,0,10,0,1,0,10,0,0,0,0,0,0,0,0,0,0
183,C10,458.5,3,6.3,0.5,0.5,1,1,0,32,1,0,917,458.5,0.5,1,0,2,1102,114.6,1,0,10,0,1,0,8,0,0,0,0,0,0,0,0,0,0
184,C10,366.8,3,6.3,0.5,0.5,1,0,1,45,1,0,733.6,366.8,0.5,1,0,2,1102,91.7,1,0,10,0,1,0,8,0,0,0,0,0,0,0,0,0,0
185,C10,550.2,3,20.0,0.5,1,2,1,0,24,1,0,550.2,275.1,0.5,1,0,2,1102,137.6,1,0,10,0,1,0,5,0,0,0,0,0,0,0,0,0,0
186,C10,550.2,3,10.0,0.5,0.5,1,1,0,28,1,0,1100.4,550.2,0.5,1,0,2,1102,137.6,1,0,10,0,1,0,5,0,0,0,0,0,0,0,0,0,0
187,C10,91.7,3,8.0,0.5,1,2,0,1,57,1,0,91.7,45.85,0.5,1,0,2,1102,22.9,1,0,10,0,1,0,12.5,0,0,0,0,0,0,0,0,0,0
188,C10,366.8,3,8.3,0.5,0.5,1,0,1,42,1,0,733.6,366.8,0.5,1,0,2,1102,91.7,1,0,10,0,1,0,6,0,0,0,0,0,0,0,0,0,0
189,C10,550.2,3,11.8,1.0,1,1,1,0,26,1,0,550.2,550.2,1,0,1,2,1102,137.6,1,0,10,0,1,0,8.5,0,0,0,0,0,0,0,0,0,0
190,C10,366.8,3,33.3,0.5,0.5,1,1,0,23,1,0,733.6,366.8,0,1,0,2,1102,91.7,1,0,10,0,1,1,1.5,0,0,0,0,0,0,0,0,0,0
191,C11,458.5,5,10.0,0.5,0.5,1,0,1,62,1,0,935.71,458.5,0.49,1,0,0,999,114.6,1,0,11,0,1,0,4.9,0,0,0,0,0,1,0,1,0,1
192,C11,91.7,5,20.0,1.0,1,1,0,1,54,1,0,93.57,91.7,0.98,0,1,0,999,22.9,1,0,11,0,1,0,4.9,0,0,0,0,0,1,0,1,0,1
193,C11,412.7,5,8.3,0.5,0.5,1,0,1,43,1,0,842.14,412.65,0.49,1,0,0,999,103.2,1,0,11,0,1,0,5.88,0,0,0,0,0,1,0,1,0,1
194,C11,412.7,5,20.0,0.5,0.5,1,1,0,32,1,0,842.14,412.65,0.49,1,0,0,999,103.2,1,0,11,0,1,0,2.45,0,0,0,0,0,1,0,1,0,1
195,C11,458.5,5,16.7,0.5,0.5,1,0,1,60,1,0,935.71,458.5,0.49,1,0,0,999,114.6,1,0,11,0,1,0,2.94,0,0,0,0,0,1,0,1,0,1
196,C11,366.8,5,12.5,0.5,0.5,1,0,1,43,1,0,748.57,366.8,0.49,1,0,0,999,91.7,1,0,11,0,1,0,3.92,0,0,0,0,0,1,0,1,0,1
197,C11,458.5,5,20.0,0.5,0.5,1,1,0,,0,1,935.71,458.5,0.49,1,0,0,999,114.6,1,0,11,0,1,0,2.45,0,0,0,0,0,1,0,1,0,1
198,C11,917,5,10.0,0.5,0.5,1,1,0,30,1,0,1871.43,917,0.49,1,0,0,999,229.3,1,0,11,0,1,0,4.9,0,0,0,0,0,1,0,1,0,1
199,C11,458.5,5,12.5,0.5,0.5,1,0,1,38,1,0,935.71,458.5,0.49,1,0,0,999,114.6,1,0,11,0,1,0,3.92,0,0,0,0,0,1,0,1,0,1
200,C11,458.5,5,10.0,0.5,0.5,1,1,0,30,0,1,935.71,458.5,0.49,1,0,0,999,114.6,1,0,11,0,1,0,4.9,0,0,0,0,0,1,0,1,0,1
201,C11,458.5,5,10.0,0.5,0.5,1,0,1,41,1,0,935.71,458.5,0.49,1,0,0,999,114.6,1,0,11,0,1,0,4.9,0,0,0,0,0,1,0,1,0,1
202,C11,366.8,5,12.5,0.5,0.5,1,0,1,43,1,0,748.57,366.8,0.49,1,0,0,999,91.7,1,0,11,0,1,0,3.92,0,0,0,0,0,1,0,1,0,1
203,C11,641.9,5,10.0,0.5,0.5,1,0,1,57,0,1,1310,641.9,0.49,1,0,0,999,160.5,1,0,11,0,1,0,4.9,0,0,0,0,0,1,0,1,0,1
204,C11,641.9,5,8.3,0.5,0.5,1,0,1,43,1,0,1310,641.9,0.49,1,0,0,999,160.5,1,0,11,0,1,0,5.88,0,0,0,0,0,1,0,1,0,1
205,C11,733.6,5,5.0,0.5,0.5,1,0,1,42,1,0,1497.14,733.6,0.49,1,0,0,999,183.4,1,0,11,0,1,0,9.8,0,0,0,0,0,1,0,1,0,1
206,C11,458.5,5,10.0,0.5,0.5,1,0,1,43,1,0,935.71,458.5,0.49,1,0,0,999,114.6,1,0,11,0,1,0,4.9,0,0,0,0,0,1,0,1,0,1
207,C11,550.2,5,10.0,0.5,0.5,1,0,1,52,1,0,1122.86,550.2,0.49,1,0,0,999,137.6,1,0,11,0,1,0,4.9,0,0,0,0,0,1,0,1,0,1
208,C11,458.5,5,9.1,0.5,0.5,1,0,1,62,1,0,935.71,458.5,0.49,1,0,0,999,114.6,1,0,11,0,1,0,5.39,0,0,0,0,0,1,0,1,0,1
209,C11,550.2,5,10.0,0.5,0.5,1,0,1,45,0,1,1122.86,550.2,0.49,1,0,0,999,137.6,1,0,11,0,1,0,4.9,0,0,0,0,0,1,0,1,0,1
210,C11,458.5,5,8.3,0.5,0.5,1,0,1,44,1,0,935.71,458.5,0.49,1,0,0,999,114.6,1,0,11,0,1,0,5.88,0,0,0,0,0,1,0,1,0,1
211,C11,550.2,5,20.0,0.5,0.5,1,0,1,51,1,0,1122.86,550.2,0.49,1,0,0,999,137.6,1,0,11,0,1,0,2.45,0,0,0,0,0,1,0,1,0,1
212,C12,91.7,3,25.0,0.5,1,2,1,0,26,1,0,93.57,45.85,0.49,1,0,1,987,22.9,1,0,12,0,1,0,3.92,0,0,0,0,0,0,0,0,0,0
213,C12,183.4,3,25.0,0.5,0.5,1,1,0,28,1,0,374.29,183.4,0.49,1,0,1,987,45.9,1,0,12,0,1,1,1.96,0,0,0,0,0,0,0,0,0,0
214,C12,458.5,3,20.0,0.5,0.5,1,1,0,24,1,0,935.71,458.5,0,1,0,1,987,114.6,1,0,12,0,1,0,2.45,0,0,0,0,0,0,0,0,0,0
215,C12,550.2,3,28.6,0.5,1,2,0,1,55,1,0,561.43,275.1,0.49,1,0,1,987,137.6,1,0,12,0,1,0,3.43,0,0,0,0,0,0,0,0,0,0
216,C12,641.9,3,6.7,0.5,0.5,1,1,0,18,1,0,1310,641.9,0,1,0,1,987,160.5,1,0,12,0,1,0,7.35,0,0,0,0,0,0,0,0,0,0
217,C12,733.6,3,7.1,0.5,0.5,1,0,1,40,1,0,1497.14,733.6,0.49,1,0,1,987,183.4,1,0,12,0,1,0,6.86,0,0,0,0,0,0,0,0,0,0
218,C12,376,3,12.5,0.5,1,2,0,1,42,1,0,383.64,187.99,0.49,1,0,1,987,94,1,0,12,0,1,0,7.84,0,0,0,0,0,0,0,0,0,0
219,C12,1375.5,3,13.3,0.5,1,2,1,0,32,1,0,1403.57,687.75,0.49,1,0,1,987,343.9,1,0,12,0,1,0,7.35,0,0,0,0,0,0,0,0,0,0
220,C12,183.4,3,28.6,0.5,1,2,1,0,32,1,0,187.14,91.7,0.49,1,0,1,987,45.9,1,0,12,0,1,0,3.43,0,0,0,0,0,0,0,0,0,0
221,C12,366.8,3,11.1,0.5,0.5,1,1,0,25,0,1,748.57,366.8,0.49,1,0,1,987,91.7,1,0,12,0,1,0,4.41,0,0,0,0,0,0,0,0,0,0
222,C12,275.1,3,12.5,0.5,0.5,1,0,1,40,0,1,561.43,275.1,0.49,1,0,1,987,68.8,1,0,12,0,1,0,3.92,0,0,0,0,0,0,0,0,0,0
223,C12,458.5,3,22.2,0.5,1,2,0,1,41,0,1,467.86,229.25,0.49,1,0,1,987,114.6,1,0,12,0,1,0,4.41,0,0,0,0,0,0,0,0,0,0
224,C12,458.5,3,33.3,0.5,0.5,1,1,0,24,0,1,935.71,458.5,0.49,1,0,1,987,114.6,1,0,12,0,1,1,1.47,0,0,0,0,0,0,0,0,0,0
225,C12,458.5,3,25.0,0.5,0.5,1,1,0,25,0,1,935.71,458.5,0.49,1,0,1,987,114.6,1,0,12,0,1,1,1.96,0,0,0,0,0,0,0,0,0,0
226,C12,458.5,3,10.0,0.5,1,2,0,1,43,0,1,467.86,229.25,0.49,1,0,1,987,114.6,1,0,12,0,1,0,9.8,0,0,0,0,0,0,0,0,0,0
227,C12,917,3,16.7,0.5,1,2,0,1,49,1,0,935.71,458.5,0.49,1,0,1,987,229.3,1,0,12,0,1,0,5.88,0,0,0,0,0,0,0,0,0,0
228,C12,550.2,3,8.3,0.5,0.5,1,0,1,48,1,0,1122.86,550.2,0.49,1,0,1,987,137.6,1,0,12,0,1,0,5.88,0,0,0,0,0,0,0,0,0,0
229,C12,641.9,3,14.3,0.5,1,2,0,1,46,1,0,655,320.95,0.49,1,0,1,987,160.5,1,0,12,0,1,0,6.86,0,0,0,0,0,0,0,0,0,0
230,C12,550.2,3,14.3,0.5,0.5,1,1,0,25,1,0,1122.86,550.2,0.49,1,0,1,987,137.6,1,0,12,0,1,0,3.43,0,0,0,0,0,0,0,0,0,0
231,C13,1146.3,5,71.4,1.7,5,3,1,0,26,1,0,229.25,382.08,1.67,0,1,1,987,286.6,1,0,13,0,1,0,7,0,0,0,0,0,0,0,0,0,0
232,C13,2292.5,5,71.4,2.5,10,4,0,1,53,1,0,229.25,573.13,2.5,0,1,1,1071,573.1,1,0,13,0,1,0,14,0,0,0,0,0,0,0,0,0,0
233,C13,2292.5,5,66.7,1.7,10,6,1,0,,1,0,229.25,382.08,1.67,0,1,1,1071,573.1,1,0,13,0,1,0,15,0,0,0,0,0,0,0,0,0,0
234,C13,229.3,5,50.0,1.0,1,1,1,0,28,1,0,229.25,229.25,1,0,1,1,1071,57.3,1,0,13,0,1,1,2,0,0,0,0,0,0,0,0,0,0
235,C13,229.3,5,50.0,1.0,1,1,1,0,,1,0,229.25,229.25,1,0,1,1,1071,57.3,1,0,13,0,1,1,2,0,0,0,0,0,0,0,0,0,0
236,C13,917,5,66.7,1.3,4,3,0,1,38,0,1,229.25,305.67,1.33,0,1,1,1071,229.3,1,0,13,0,1,0,6,0,0,0,0,0,0,0,0,0,0
237,C13,1146.3,5,71.4,1.3,5,4,0,1,48,0,1,229.25,286.56,1.25,0,1,1,1071,286.6,1,0,13,0,1,0,7,0,0,0,0,0,0,0,0,0,0
238,C13,687.8,5,75.0,1.5,3,2,0,1,36,1,0,229.25,343.88,1.5,0,1,1,1071,171.9,1,0,13,0,1,0,4,0,0,0,0,0,0,0,0,0,0
239,C13,1834,5,66.7,1.3,8,6,0,1,46,1,0,229.25,305.67,1.33,0,1,1,1071,458.5,1,0,13,0,1,0,12,0,0,0,0,0,0,0,0,0,0
240,C13,2292.5,5,66.7,1.4,10,7,0,1,39,1,0,229.25,327.5,1.43,0,1,1,1071,573.1,1,0,13,0,1,0,15,0,0,0,0,0,0,0,0,0,0
241,C13,229.3,5,33.3,,1,,0,1,65,1,0,229.25,,,,,1,1071,57.3,1,0,13,0,1,0,3,0,0,0,0,0,0,0,0,0,0
242,C13,687.8,5,60.0,1.5,3,2,1,0,31,1,0,229.25,343.88,1.5,0,1,1,1071,171.9,1,0,13,0,1,0,5,0,0,0,0,0,0,0,0,0,0
243,C13,917,5,33.3,2.0,4,2,0,1,36,1,0,229.25,458.5,2,0,1,1,1071,229.3,1,0,13,0,1,0,12,0,0,0,0,0,0,0,0,0,0
244,C13,4585,5,80.0,2.2,20,9,0,1,48,1,0,229.25,509.44,2.22,0,1,1,1071,1146.3,1,0,13,0,1,0,25,0,0,0,0,0,0,0,0,0,0
245,C13,1834,5,66.7,2.7,8,3,0,1,50,1,0,229.25,611.33,2.67,0,1,1,1071,458.5,1,0,13,0,1,0,12,0,0,0,0,0,0,0,0,0,0
246,C13,917,5,66.7,1.3,4,3,0,1,65,1,0,229.25,305.67,1.33,0,1,1,1071,229.3,1,0,13,0,1,0,6,0,0,0,0,0,0,0,0,0,0
247,C13,1375.5,5,85.7,1.5,6,4,0,1,53,1,0,229.25,343.88,1.5,0,1,1,1071,343.9,1,0,13,0,1,0,7,0,0,0,0,0,0,0,0,0,0
248,C13,687.8,5,71.4,1.7,5,3,0,1,35,1,0,137.55,229.25,1.67,0,1,1,1071,171.9,1,0,13,0,1,0,7,0,0,0,0,0,0,0,0,0,0
249,C13,1375.5,5,60.0,1.2,6,5,0,1,55,1,0,229.25,275.1,1.2,0,1,1,1071,343.9,1,0,13,0,1,0,10,0,0,0,0,0,0,0,0,0,0
250,C13,687.8,5,60.0,1.5,3,2,1,0,25,1,0,229.25,343.88,1.5,0,1,1,1071,171.9,1,0,13,0,1,0,5,0,0,0,0,0,0,0,0,0,0
251,C13,2063.3,5,69.2,1.6,9,5.5,0,1,39,1,0,229.25,375.14,1.64,0,1,1,1071,515.8,1,0,13,0,1,0,13,0,0,0,0,0,0,0,0,0,0
252,C13,1146.3,5,55.6,1.3,5,4,1,0,,1,0,229.25,286.56,1.25,0,1,1,1071,286.6,1,0,13,0,1,0,9,0,0,0,0,0,0,0,0,0,0
253,C13,1146.3,5,71.4,1.7,5,3,0,1,59,1,0,229.25,382.08,1.67,0,1,1,1071,286.6,1,0,13,0,1,0,7,0,0,0,0,0,0,0,0,0,0
254,C13,687.8,5,66.7,2.0,2,1,0,1,52,1,0,343.88,687.75,2,0,1,1,1071,171.9,1,0,13,0,1,0,3,0,0,0,0,0,0,0,0,0,0
255,C13,687.8,5,,2.0,2,1,0,1,46,1,0,343.88,687.75,2,0,1,1,1071,171.9,1,0,13,0,1,1,0,0,0,0,0,0,0,0,0,0,0
256,C13,1604.8,5,77.8,1.4,7,5,0,1,45,1,0,229.25,320.95,1.4,0,1,1,1071,401.2,1,0,13,0,1,0,9,0,0,0,0,0,0,0,0,0,0
257,C13,3438.8,5,88.2,1.5,15,10,0,1,40,1,0,229.25,343.88,1.5,0,1,1,1071,859.7,1,0,13,0,1,0,17,0,0,0,0,0,0,0,0,0,0
258,C13,1604.8,5,77.8,1.8,7,4,0,1,52,1,0,229.25,401.19,1.75,0,1,1,1071,401.2,1,0,13,0,1,0,9,0,0,0,0,0,0,0,0,0,0
259,C13,1375.5,5,75.0,1.5,6,4,0,1,41,0,1,229.25,343.88,1.5,0,1,1,1071,343.9,1,0,13,0,1,0,8,0,0,0,0,0,0,0,0,0,0
260,C13,687.8,5,60.0,1.5,3,2,1,0,32,0,1,229.25,343.88,1.5,0,1,1,1071,171.9,1,0,13,0,1,0,5,0,0,0,0,0,0,0,0,0,0
261,C13,1696.5,5,25.0,2.0,10,5,0,1,54,1,0,169.65,339.29,2,0,1,1,1071,424.1,1,0,13,0,1,0,40,0,0,0,0,0,0,0,0,0,0
262,C14,917,4,50.0,2.0,8,4,0,1,33,1,0,114.63,229.25,2,0,1,0,1401,229.3,0,1,14,0,1,0,3,0,0,0,0,0,0,0,0,0,0
263,C14,45.9,4,3.3,,2,,0,1,64,1,0,22.93,,,,,0,1401,11.5,0,1,14,0,1,1,2,0,0,0,0,0,0,0,0,0,0
264,C14,137.6,4,12.5,1.0,2,2,0,1,26,1,0,68.78,68.78,0,0,1,0,1401,34.4,0,1,14,0,1,1,2,0,0,0,0,0,0,0,0,0,0
265,C14,917,4,5.9,2.0,8,4,1,0,40,1,0,114.63,229.25,2,0,1,0,1401,229.3,0,1,14,0,1,1,1,0,0,0,0,0,0,0,0,0,0
266,C14,458.5,4,5.0,1.0,6,6,1,0,53,1,0,76.42,76.42,1,0,1,0,1401,114.6,0,1,14,0,1,1,1.75,0,0,0,0,0,0,0,0,0,0
267,C14,22.9,4,75.0,1.0,3,3,0,1,29,1,0,7.64,7.64,1,0,1,0,1401,5.7,0,1,14,0,1,1,2,0,0,0,0,0,0,0,0,0,0
268,C14,18.3,4,40.0,1.3,4,3,0,1,26,1,0,4.59,6.11,1.33,0,1,0,1401,4.6,0,1,14,0,1,1,2,0,0,0,0,0,0,0,0,0,0
269,C14,917,4,32.0,2.0,8,4,0,1,48,1,0,114.63,229.25,2,0,1,0,1401,229.3,0,1,14,0,1,0,2.5,0,0,0,0,0,0,0,0,0,0
270,C14,91.7,4,50.0,1.0,2,2,0,1,32,1,0,45.85,45.85,0,0,1,0,1401,22.9,0,1,14,0,1,1,2,0,0,0,0,0,0,0,0,0,0
271,C14,45.9,4,50.0,1.0,2,2,0,1,36,0,1,22.93,22.93,1,0,1,0,1401,11.5,0,1,14,0,1,1,1.5,0,0,0,0,0,0,0,0,0,0
272,C14,45.9,4,,1.0,2,2,1,0,44,0,1,22.93,22.93,1,0,1,0,1401,11.5,0,1,14,0,1,1,1.5,0,0,0,0,0,0,0,0,0,0
273,C14,11,4,0.4,1.0,1,1,0,1,80,0,1,11,11,1,0,1,0,1401,2.8,0,1,14,0,1,1,1.75,0,0,0,0,0,0,0,0,0,0
274,C14,27.5,4,50.0,1.0,4,4,0,1,45,0,1,6.88,6.88,1,0,1,0,1401,6.9,0,1,14,0,1,0,2.25,0,0,0,0,0,0,0,0,0,0
275,C14,917,4,2.5,1.0,2,2,0,1,54,0,1,458.5,458.5,1,0,1,0,1401,229.3,0,1,14,0,1,0,2.25,0,0,0,0,0,0,0,0,0,0
276,C15,458.5,3,20.0,1.0,1,1,1,0,62,1,0,458.5,458.5,1,0,1,1,1382,114.6,0,1,15,0,1,1,1.5,0,0,0,0,0,0,0,0,0,0
277,C15,27.5,3,20.0,1.0,1,1,0,1,32,1,0,27.51,27.51,0,0,1,1,1382,6.9,0,1,15,0,1,1,2,0,0,0,0,0,0,0,0,0,0
278,C15,183.4,3,12.5,0.3,1.3,5,0,1,35,1,0,146.72,36.68,0.25,1,0,1,1382,45.9,0,1,15,0,1,1,0.75,0,0,0,0,0,0,0,0,0,0
279,C15,91.7,3,15.0,0.3,0.8,3,1,0,40,1,0,122.27,30.57,0.25,1,0,1,1382,22.9,0,1,15,0,1,1,0.75,0,0,0,0,0,0,0,0,0,0
280,C15,137.6,3,13.3,0.3,1,4,1,0,47,1,0,137.55,34.39,0.25,1,0,1,1382,34.4,0,1,15,0,1,1,1,0,0,0,0,0,0,0,0,0,0
281,C15,45.9,3,20.0,0.3,0.5,2,0,1,60,1,0,91.7,22.93,0.25,1,0,1,1382,11.5,0,1,15,0,1,1,1.5,0,0,0,0,0,0,0,0,0,0
282,C15,45.9,3,20.0,0.3,0.5,2,1,0,48,0,1,91.7,22.93,0.25,1,0,1,1382,11.5,0,1,15,0,1,1,2,0,0,0,0,0,0,0,0,0,0
283,C15,366.8,3,30.0,0.3,0.8,3,0,1,36,1,0,489.07,122.27,0.25,1,0,1,1382,91.7,0,1,15,0,1,0,3,0,0,0,0,0,0,0,0,0,0
284,C15,458.5,3,20.0,0.3,1,4,0,1,46,1,0,458.5,114.63,0.25,1,0,1,1382,114.6,0,1,15,0,1,0,3,0,0,0,0,0,0,0,0,0,0
285,C15,229.3,3,37.5,0.3,0.8,3,0,1,42,1,0,305.67,76.42,0.25,1,0,1,1382,57.3,0,1,15,0,1,0,6,0,0,0,0,0,0,0,0,0,0
286,C15,275.1,3,,0.3,0.8,3,0,1,42,1,0,366.8,91.7,0.25,1,0,1,1382,68.8,0,1,15,0,1,1,0.75,0,0,0,0,0,0,0,0,0,0
287,C15,183.4,3,30.0,0.3,0.8,3,0,1,39,1,0,244.53,61.13,0.25,1,0,1,1382,45.9,0,1,15,0,1,1,1,0,0,0,0,0,0,0,0,0,0
288,C15,77.9,3,5.0,0.5,1,2,1,0,53,1,0,77.95,38.97,0.5,1,0,1,1382,19.5,0,1,15,0,1,1,0.75,0,0,0,0,0,0,0,0,0,0
289,C15,229.3,3,33.3,1.0,5,5,0,1,64,1,0,45.85,45.85,1,0,1,1,1382,57.3,0,1,15,0,1,1,1,0,0,0,0,0,0,0,0,0,0
290,C15,366.8,3,40.0,4.0,4,1,1,0,47,1,0,91.7,366.8,4,0,1,1,1382,91.7,0,1,15,0,1,1,0.75,0,0,0,0,0,0,0,0,0,0
291,C15,229.3,3,20.0,1.0,1,1,0,1,53,1,0,229.25,229.25,1,0,1,1,1382,57.3,0,1,15,0,1,0,7.5,0,0,0,0,0,0,0,0,0,0
292,C15,137.6,3,25.0,1.0,1,1,0,1,43,1,0,137.55,137.55,1,0,1,1,1382,34.4,0,1,15,0,1,1,1,0,0,0,0,0,0,0,0,0,0
293,C15,91.7,3,50.0,2.0,2,1,0,1,47,1,0,45.85,91.7,2,0,1,1,1382,22.9,0,1,15,0,1,1,1,0,0,0,0,0,0,0,0,0,0
294,C15,137.6,3,41.7,,2.5,,0,1,,1,0,55.02,,,,,1,1382,34.4,0,1,15,0,1,1,1,0,0,0,0,0,0,0,0,0,0
295,C16,137.6,6,66.7,0.5,2,4,0,1,45,1,0,68.78,34.39,0.5,1,0,1,1262,34.4,0,1,16,0,1,1,1,0,0,1,0,0,0,0,0,0,1
296,C16,91.7,6,,0.7,2,3,0,1,48,1,0,45.85,30.57,0.67,1,0,1,1262,22.9,0,1,16,0,1,1,2,0,0,1,0,0,0,0,0,0,1
297,C16,321,6,50.0,1.0,3,3,0,1,38,1,0,106.98,106.98,1,0,1,1,1262,80.2,0,1,16,0,1,0,2.5,0,0,1,0,0,0,0,0,0,1
298,C16,183.4,6,4.8,2.0,4,2,0,1,60,1,0,45.85,91.7,2,0,1,1,1262,45.9,0,1,16,0,1,0,3,0,0,1,0,0,0,0,0,0,1
299,C16,137.6,6,30.0,3.0,3,1,0,1,30,0,1,45.85,137.55,3,0,1,1,1262,34.4,0,1,16,0,1,1,1.5,0,0,1,0,0,0,0,0,0,1
300,C16,458.5,6,20.0,12.0,12,1,1,0,53,1,0,38.21,458.5,12,0,1,1,1262,114.6,0,1,16,0,1,1,1,0,0,1,0,0,0,0,0,0,1
301,C16,229.3,6,5.9,4.0,4,1,1,0,58,1,0,57.31,229.25,0,0,1,1,1262,57.3,0,1,16,0,1,1,0.5,0,0,1,0,0,0,0,0,0,1
302,C16,183.4,6,7.6,8.0,8,1,1,0,54,0,1,22.93,183.4,8,0,1,1,1262,45.9,0,1,16,0,1,1,0.5,0,0,1,0,0,0,0,0,0,1
303,C16,229.3,6,11.4,4.0,8,2,0,1,50,0,1,28.66,114.63,4,0,1,1,1262,57.3,0,1,16,0,1,1,1,0,0,1,0,0,0,0,0,0,1
304,C16,366.8,6,9.2,2.0,6,3,0,1,50,1,0,61.13,122.27,2,0,1,1,1262,91.7,0,1,16,0,1,1,1.75,0,0,1,0,0,0,0,0,0,1
305,C17,458.5,5,8.3,5.0,10,2,0,1,57,1,0,45.85,229.25,5,0,1,1,1250,114.6,0,1,17,0,1,0,2.5,0,0,1,1,1,1,1,0,1,7
306,C17,458.5,5,1.8,2.0,2,1,0,1,71,1,0,229.25,458.5,2,0,1,1,1250,114.6,0,1,17,0,1,1,2,0,0,1,1,1,1,1,0,1,7
307,C17,550.2,5,1.9,0.7,2,3,0,1,54,1,0,275.1,183.4,0.67,1,0,1,1250,137.6,0,1,17,0,1,0,2.25,0,0,1,1,1,1,1,0,1,7
308,C17,275.1,5,66.7,4.0,8,2,0,1,34,1,0,34.39,137.55,4,0,1,1,1250,68.8,0,1,17,0,1,1,1.75,0,0,1,1,1,1,1,0,1,7
309,C17,88,5,16.7,1.0,2,2,0,1,38,1,0,44.02,44.02,1,0,1,1,1250,22,0,1,17,0,1,1,2,0,0,1,1,1,1,1,0,1,7
310,C17,91.7,5,11.8,0.7,2,3,0,1,40,0,1,45.85,30.57,0.67,1,0,1,1250,22.9,0,1,17,0,1,1,1.5,0,0,1,1,1,1,1,0,1,7
311,C17,91.7,5,33.3,0.5,2,4,1,0,51,1,0,45.85,22.93,0.5,1,0,1,1250,22.9,0,1,17,0,1,1,2,0,0,1,1,1,1,1,0,1,7
312,C17,45.9,5,50.0,0.3,1,3,0,1,26,1,0,45.85,15.28,0.33,1,0,1,1250,11.5,0,1,17,0,1,1,1.5,0,0,1,1,1,1,1,0,1,7
313,C17,47.7,5,25.0,0.4,2,5,0,1,35,0,1,23.84,9.54,0.4,1,0,1,1250,11.9,0,1,17,0,1,1,2,0,0,1,1,1,1,1,0,1,7
314,C17,82.5,5,10.0,0.5,1,2,0,1,46,1,0,82.53,41.27,0.5,1,0,1,1250,20.6,0,1,17,0,1,1,0,0,0,1,1,1,1,1,0,1,7
315,C17,229.3,5,37.5,0.5,3,6,0,1,38,1,0,76.42,38.21,0.5,1,0,1,1250,57.3,0,1,17,0,1,1,1.5,0,0,1,1,1,1,1,0,1,7
316,C17,91.7,5,33.3,0.3,1,3,0,1,32,0,1,91.7,30.57,0.33,1,0,1,1250,22.9,0,1,17,0,1,1,0.5,0,0,1,1,1,1,1,0,1,7
317,C17,183.4,5,20.0,0.5,1,2,0,1,24,1,0,183.4,91.7,0.5,1,0,1,1250,45.9,0,1,17,0,1,0,2.5,0,0,1,1,1,1,1,0,1,7
318,C17,110,5,20.0,0.5,2,4,0,1,30,1,0,55.02,27.51,0.5,1,0,1,1250,27.5,0,1,17,0,1,1,1.5,0,0,1,1,1,1,1,0,1,7
319,C17,114.6,5,30.0,1.5,3,2,0,1,30,1,0,38.21,57.31,1.5,0,1,1,1250,28.7,0,1,17,0,1,1,2,0,0,1,1,1,1,1,0,1,7
320,C17,165.1,5,50.0,0.8,0.8,1,0,1,39,1,0,220.08,165.06,0.75,1,0,1,1250,41.3,0,1,17,0,1,1,1.75,0,0,1,1,1,1,1,0,1,7
321,C17,110,5,50.0,0.5,0.5,1,0,1,36,1,0,220.08,110.04,0.5,1,0,1,1250,27.5,0,1,17,0,1,1,1.5,0,0,1,1,1,1,1,0,1,7
322,C17,220.1,5,40.0,1.0,1,1,1,0,56,1,0,220.08,220.08,1,0,1,1,1250,55,0,1,17,0,1,1,1.75,0,0,1,1,1,1,1,0,1,7
323,C17,110,5,40.0,0.5,0.5,1,0,1,30,1,0,220.08,110.04,0.5,1,0,1,1250,27.5,0,1,17,0,1,1,2,0,0,1,1,1,1,1,0,1,7
324,C17,55,5,25.0,0.3,0.3,1,0,1,28,1,0,220.08,55.02,0.25,1,0,1,1250,13.8,0,1,17,0,1,0,2.25,0,0,1,1,1,1,1,0,1,7
325,C17,110,5,40.0,0.5,0.5,1,1,0,40,1,0,220.08,110.04,0.5,1,0,1,1250,27.5,0,1,17,0,1,1,1.5,0,0,1,1,1,1,1,0,1,7
326,C17,55,5,25.0,0.3,0.3,1,0,1,30,1,0,220.08,55.02,0.25,1,0,1,1250,13.8,0,1,17,0,1,1,2,0,0,1,1,1,1,1,0,1,7
327,C17,110,5,40.0,0.5,0.5,1,0,1,32,1,0,220.08,110.04,0.5,1,0,1,1250,27.5,0,1,17,0,1,1,1,0,0,1,1,1,1,1,0,1,7
328,C17,45.9,5,15.0,0.3,0.8,3,1,0,45,1,0,61.13,15.28,0.25,1,0,1,1250,11.5,0,1,17,0,1,1,1.5,0,0,1,1,1,1,1,0,1,7
329,C17,45.9,5,15.0,0.3,0.8,3,1,0,35,1,0,61.13,15.28,0.25,1,0,1,1250,11.5,0,1,17,0,1,1,1.5,0,0,1,1,1,1,1,0,1,7
330,C17,36.7,5,5.0,0.3,0.5,2,0,1,71,0,1,73.36,18.34,0.25,1,0,1,1250,9.2,0,1,17,0,1,1,2,0,0,1,1,1,1,1,0,1,7
331,C17,36.7,5,25.0,0.3,1,4,0,1,25,1,0,36.68,9.17,0.25,1,0,1,1250,9.2,0,1,17,0,1,1,2,0,0,1,1,1,1,1,0,1,7
332,C17,45.9,5,37.5,0.3,0.8,3,1,0,41,1,0,61.13,15.28,0.25,1,0,1,1250,11.5,0,1,17,0,1,1,2,0,0,1,1,1,1,1,0,1,7
333,C17,45.9,5,8.3,1.0,1,1,0,1,46,1,0,45.85,45.85,1,0,1,1,1250,11.5,0,1,17,0,1,1,2,0,0,1,1,1,1,1,0,1,7
334,C17,137.6,5,40.0,0.3,2,8,0,1,46,0,1,68.78,17.19,0.25,1,0,1,1250,34.4,0,1,17,0,1,0,2.5,0,0,1,1,1,1,1,0,1,7
335,C18,917,3,71.4,1.3,5,4,0,1,65,1,0,183.4,229.25,1.25,0,1,1,1225,229.3,0,1,18,0,1,1,1.75,0,0,1,1,0,0,0,0,0,1
336,C18,183.4,3,40.0,0.3,2,8,0,1,48,1,0,91.7,22.93,0.25,1,0,1,1225,45.9,0,1,18,0,1,0,2.5,0,0,1,1,0,0,0,0,0,1
337,C18,137.6,3,50.0,0.3,2,8,0,1,62,1,0,68.78,17.19,0.25,1,0,1,1225,34.4,0,1,18,0,1,1,2,0,0,1,1,0,0,0,0,0,1
338,C18,91.7,3,20.0,0.3,1,4,1,0,36,1,0,91.7,22.93,0.25,1,0,1,1225,22.9,0,1,18,0,1,0,3,0,0,1,1,0,0,0,0,0,1
339,C18,183.4,3,60.0,0.3,3,12,0,1,48,0,1,61.13,15.28,0.25,1,0,1,1225,45.9,0,1,18,0,1,1,2,0,0,1,1,0,0,0,0,0,1
340,C18,183.4,3,66.7,1.0,2,2,0,1,52,1,0,91.7,91.7,1,0,1,1,1225,45.9,0,1,18,0,1,0,6.25,0,0,1,1,0,0,0,0,0,1
341,C18,366.8,3,40.0,1.0,2,2,0,1,38,1,0,183.4,183.4,1,0,1,1,1225,91.7,0,1,18,0,1,0,2.5,0,0,1,1,0,0,0,0,0,1
342,C18,275.1,3,85.7,1.0,6,6,0,1,38,0,1,45.85,45.85,1,0,1,1,1225,68.8,0,1,18,0,1,1,1.5,0,0,1,1,0,0,0,0,0,1
343,C18,275.1,3,66.7,1.0,2,2,1,0,42,0,1,137.55,137.55,1,0,1,1,1225,68.8,0,1,18,0,1,1,0.75,0,0,1,1,0,0,0,0,0,1
344,C18,13.8,3,16.7,1.0,1,1,0,1,35,1,0,13.76,13.76,1,0,1,1,1225,3.4,0,1,18,0,1,0,2.75,0,0,1,1,0,0,0,0,0,1
345,C18,18.3,3,25.0,1.0,2,2,1,0,48,1,0,9.17,9.17,1,0,1,1,1225,4.6,0,1,18,0,1,1,1.25,0,0,1,1,0,0,0,0,0,1
346,C18,27.5,3,30.0,1.2,2.4,2,1,0,47,1,0,11.46,13.76,1.2,0,1,1,1225,6.9,0,1,18,0,1,0,2.5,0,0,1,1,0,0,0,0,0,1
347,C18,27.5,3,25.0,1.0,2,2,0,1,46,0,1,13.76,13.76,1,0,1,1,1225,6.9,0,1,18,0,1,0,3,0,0,1,1,0,0,0,0,0,1
348,C18,27.5,3,28.6,0.5,2,4,0,1,48,1,0,13.76,6.88,0.5,1,0,1,1225,6.9,0,1,18,0,1,0,7.5,0,0,1,1,0,0,0,0,0,1
349,C18,27.5,3,33.3,1.0,2,2,0,1,71,1,0,13.76,13.76,1,0,1,1,1225,6.9,0,1,18,0,1,0,3.75,0,0,1,1,0,0,0,0,0,1
350,C18,45.9,3,50.0,1.0,2,2,0,1,33,1,0,22.93,22.93,1,0,1,1,1225,11.5,0,1,18,0,1,0,2.5,0,0,1,1,0,0,0,0,0,1
351,C18,458.5,3,33.3,1.0,2,2,1,0,40,1,0,229.25,229.25,1,0,1,1,1225,114.6,0,1,18,0,1,0,3.25,0,0,1,1,0,0,0,0,0,1
352,C18,36.7,3,33.3,1.0,2,2,0,1,58,1,0,18.34,18.34,1,0,1,1,1225,9.2,0,1,18,0,1,0,5,0,0,1,1,0,0,0,0,0,1
353,C18,18.3,3,50.0,1.0,2,2,0,1,45,1,0,9.17,9.17,1,0,1,1,1225,4.6,0,1,18,0,1,0,4.75,0,0,1,1,0,0,0,0,0,1
354,C19,91.7,6,25.0,1.0,1,1,1,0,30,1,0,91.7,91.7,1,0,1,1,1381,22.9,0,1,19,1,0,0,16,0,0,0,1,0,0,1,0,0,2
355,C19,183.4,6,28.6,1.0,2,2,0,1,32,1,0,91.7,91.7,0,0,1,1,1381,45.9,0,1,19,1,0,0,60,0,0,0,1,0,0,1,0,0,2
356,C19,366.8,6,20.0,0.5,2,4,1,0,47,1,0,183.4,91.7,0.5,1,0,1,1381,91.7,0,1,19,1,0,0,16,0,0,0,1,0,0,1,0,0,2
357,C19,183.4,6,33.3,1.0,2,2,0,1,53,1,0,91.7,91.7,1,0,1,1,1381,45.9,0,1,19,1,0,0,135,0,0,0,1,0,0,1,0,0,2
358,C19,45.9,6,33.3,0.1,2,20,0,1,55,1,0,22.93,2.29,0.1,1,0,1,1381,11.5,0,1,19,1,0,0,120,0,0,0,1,0,0,1,0,0,2
359,C19,165.1,6,16.7,0.5,0.5,1,1,0,71,1,0,330.12,165.06,0.5,1,0,1,1381,41.3,0,1,19,1,0,0,4,0,0,0,1,0,0,1,0,0,2
360,C19,100.9,6,12.5,0.3,0.3,1,1,0,56,0,1,403.48,100.87,0.25,1,0,1,1381,25.2,0,1,19,1,0,0,10,0,0,0,1,0,0,1,0,0,2
361,C19,73.4,6,12.5,0.3,0.3,1,0,1,56,1,0,293.44,73.36,0.25,1,0,1,1381,18.3,0,1,19,1,0,0,25,0,0,0,1,0,0,1,0,0,2
362,C19,73.4,6,25.0,0.3,0.3,1,1,0,28,1,0,293.44,73.36,0.25,1,0,1,1381,18.3,0,1,19,1,0,0,4,0,0,0,0,0,0,1,0,0,2
363,C19,91.7,6,14.3,0.3,0.3,1,0,1,32,0,1,366.8,91.7,0.25,1,0,1,1381,22.9,0,1,19,1,0,0,4,0,0,0,0,0,0,1,0,0,2
364,C19,82.5,6,12.5,0.3,0.3,1,0,1,38,1,0,330.12,82.53,0.25,1,0,1,1381,20.6,0,1,19,1,0,1,0,0,0,0,0,0,0,1,0,0,2
365,C19,91.7,6,12.5,0.3,0.3,1,0,1,44,1,0,366.8,91.7,0.25,1,0,1,1381,22.9,0,1,19,1,0,0,24,0,0,0,0,0,0,1,0,0,2
366,C19,91.7,6,10.0,0.3,0.3,1,0,1,71,1,0,366.8,91.7,0.25,1,0,1,1381,22.9,0,1,19,1,0,0,8,0,0,0,0,0,0,1,0,0,2
367,C19,91.7,6,12.5,0.3,0.3,1,0,1,48,0,1,366.8,91.7,0.25,1,0,1,1381,22.9,0,1,19,1,0,0,80,0,0,0,0,0,0,1,0,0,2
368,C19,77.9,6,16.7,0.3,0.3,1,0,1,40,0,1,311.78,77.95,0.25,1,0,1,1381,19.5,0,1,19,1,0,0,5,0,0,0,0,0,0,1,0,0,2
369,C19,91.7,6,16.7,0.3,0.3,1,1,0,32,0,1,366.8,91.7,0.25,1,0,1,1381,22.9,0,1,19,1,0,0,5,0,0,0,0,0,0,1,0,0,2
370,C20,82.5,6,14.3,0.3,0.3,1,0,1,48,1,0,330.12,82.53,0.25,1,0,0,1217,20.6,0,1,20,1,0,0,10,0,0,0,0,0,0,0,0,0,0
371,C20,137.6,6,22.2,0.5,0.5,1,0,1,37,1,0,275.1,137.55,0.5,1,0,0,1217,34.4,0,1,20,1,0,0,5,0,0,0,0,0,0,0,0,0,0
372,C20,82.5,6,11.1,0.3,0.3,1,0,1,46,1,0,330.12,82.53,0.25,1,0,0,1217,20.6,0,1,20,1,0,0,7.5,0,0,0,0,0,0,0,0,0,0
373,C20,13.8,6,33.3,0.5,0.5,1,0,1,29,0,1,27.51,13.76,0.5,1,0,0,1217,3.4,0,1,20,1,0,0,2.5,0,0,0,0,0,0,0,0,0,0
374,C20,91.7,6,12.5,0.3,0.3,1,0,1,86,0,1,366.8,91.7,0.25,1,0,0,1217,22.9,0,1,20,1,0,0,2.5,0,0,0,0,0,0,0,0,0,0
375,C20,183.4,6,33.3,0.3,0.3,1,0,1,41,0,1,733.6,183.4,0.25,1,0,0,1217,45.9,0,1,20,1,0,0,2.5,0,0,0,0,0,0,0,0,0,0
376,C20,73.4,6,33.3,0.3,0.3,1,0,1,32,0,1,293.44,73.36,0.25,1,0,0,1217,18.3,0,1,20,1,0,0,5,0,0,0,0,0,0,0,0,0,0
377,C20,73.4,6,50.0,0.5,0.5,1,0,1,31,0,1,146.72,73.36,0.5,1,0,0,1217,18.3,0,1,20,1,0,1,2,0,0,0,0,0,0,0,0,0,0
378,C20,91.7,6,33.3,0.5,0.5,1,0,1,42,0,1,183.4,91.7,0.5,1,0,0,1217,22.9,0,1,20,1,0,1,0,0,0,0,0,0,0,0,0,0,0
379,C20,91.7,6,25.0,0.5,0.5,1,0,1,24,0,1,183.4,91.7,0.5,1,0,0,1217,22.9,0,1,20,1,0,0,2.5,0,0,0,0,0,0,0,0,0,0
380,C21,91.7,5,16.7,0.5,0.5,1,0,1,48,1,0,183.4,91.7,0.5,1,0,1,1429,22.9,0,1,21,1,0,0,20,0,0,0,0,0,0,0,0,0,0
381,C21,137.6,5,25.0,0.8,0.8,1,0,1,56,1,0,183.4,137.55,0.75,1,0,1,1429,34.4,0,1,21,1,0,0,15,0,0,0,0,0,0,0,0,0,0
382,C21,183.4,5,8.3,0.5,0.5,1,0,1,50,1,0,366.8,183.4,0.5,1,0,1,1429,45.9,0,1,21,1,0,0,10,0,0,0,0,0,0,0,0,0,0
383,C21,73.4,5,33.3,0.3,0.3,1,0,1,68,0,1,293.44,73.36,0,1,0,1,1429,18.3,0,1,21,1,0,0,5,0,0,0,0,0,0,0,0,0,0
384,C21,137.6,5,50.0,0.5,0.5,1,0,1,42,0,1,275.1,137.55,0,1,0,1,1429,34.4,0,1,21,1,0,0,4,0,0,0,0,0,0,0,0,0,0
385,C21,73.4,5,33.3,0.3,0.3,1,0,1,30,1,0,293.44,73.36,0,1,0,1,1429,18.3,0,1,21,1,0,0,4,0,0,0,0,0,0,0,0,0,0
386,C21,73.4,5,25.0,0.3,0.3,1,1,0,44,1,0,293.44,73.36,0,1,0,1,1429,18.3,0,1,21,1,0,0,6,0,0,0,0,0,0,0,0,0,0
387,C21,137.6,5,66.7,0.5,0.5,1,0,1,30,1,0,275.1,137.55,0.5,1,0,1,1429,34.4,0,1,21,1,0,0,3,0,0,0,0,0,0,0,0,0,0
388,C21,458.5,5,13.3,1.0,1,1,0,1,42,0,1,458.5,458.5,1,0,1,1,1429,114.6,0,1,21,1,0,1,0,0,0,0,0,0,0,0,0,0,0
389,C22,73.4,5,25.0,0.3,0.3,1,0,1,38,0,1,293.44,73.36,0.25,1,0,1,1358,18.3,0,1,22,1,0,0,6,0,0,0,0,0,0,1,0,0,3
390,C22,91.7,5,25.0,0.1,0.3,2,0,1,38,0,1,366.8,45.85,0.13,1,0,1,1358,22.9,0,1,22,1,0,0,84,0,0,0,0,0,0,1,0,0,3
391,C22,183.4,5,100.0,1.0,1,1,1,0,38,0,1,183.4,183.4,1,0,1,1,1358,45.9,0,1,22,1,0,0,10,0,0,0,0,0,0,1,0,0,3
392,C22,45.9,5,25.0,0.3,0.3,1,0,1,38,0,1,183.4,45.85,0.25,1,0,1,1358,11.5,0,1,22,1,0,0,60,0,0,0,0,0,0,1,0,0,3
393,C22,91.7,5,50.0,0.3,1,4,0,1,79,0,1,91.7,22.93,0.25,1,0,1,1358,22.9,0,1,22,1,0,0,68,0,0,0,0,0,0,1,0,0,3
394,C22,183.4,5,50.0,0.3,1.3,3,0,1,78,1,0,146.72,36.68,0.25,1,0,1,1358,45.9,0,1,22,1,0,0,105,0,0,0,0,0,0,1,0,0,3
395,C22,73.4,5,16.7,0.3,0.5,2,0,1,72,1,0,146.72,36.68,0.25,1,0,1,1358,18.3,0,1,22,1,0,0,70,0,0,0,0,0,0,1,0,0,3
396,C22,36.7,5,16.7,0.3,0.3,1,0,1,42,1,0,146.72,36.68,0.25,1,0,1,1358,9.2,0,1,22,1,0,0,65,0,0,0,0,0,0,1,0,0,3
397,C22,36.7,5,25.0,0.3,0.3,1,0,1,34,1,0,146.72,36.68,0.25,1,0,1,1358,9.2,0,1,22,1,0,0,120,0,0,0,0,0,0,1,0,0,3
398,C22,36.7,5,50.0,0.3,0.3,1,0,1,27,1,0,146.72,36.68,0.25,1,0,1,1358,9.2,0,1,22,1,0,0,112,0,0,0,0,0,0,1,0,0,3
400,C22,55,5,25.0,0.3,0.3,1,1,0,43,0,1,220.08,55.02,0.25,1,0,1,1358,13.8,0,1,22,1,0,0,12,0,0,0,0,0,0,1,0,0,3
401,C23,110,5,28.6,0.3,0.5,2,0,1,59,1,0,220.08,55.02,0.25,1,0,0,1358,27.5,0,1,23,1,0,0,12,0,0,0,0,0,1,1,0,0,2
402,C23,45.9,5,20.0,0.3,0.5,2,0,1,65,1,0,91.7,22.93,0.25,1,0,0,1174,11.5,0,1,23,1,0,0,17,0,0,0,0,0,1,1,0,0,2
403,C23,55,5,25.0,0.3,0.5,2,0,1,48,1,0,110.04,27.51,0.25,1,0,0,1174,13.8,0,1,23,1,0,0,6,0,0,0,0,0,1,1,0,0,2
404,C23,36.7,5,22.2,0.3,0.5,2,1,0,46,1,0,73.36,18.34,0.25,1,0,0,1174,9.2,0,1,23,1,0,1,2,0,0,0,0,0,1,1,0,0,2
405,C23,7.3,5,28.6,0.2,0.5,3,0,1,40,1,0,14.67,2.45,0.17,1,0,0,1174,1.8,0,1,23,1,0,0,8,0,0,0,0,0,1,1,0,0,2
406,C23,64.2,5,25.0,0.3,0.5,2,0,1,36,1,0,128.38,32.1,0.25,1,0,0,1174,16,0,1,23,1,0,0,10,0,0,0,0,0,1,1,0,0,2
407,C23,641.9,5,33.3,0.3,0.5,2,0,1,54,1,0,1283.8,320.95,0.25,1,0,0,1174,160.5,0,1,23,1,0,0,8,0,0,0,0,0,1,1,0,0,2
408,C23,64.2,5,50.0,0.3,1,4,1,0,30,0,1,64.19,16.05,0.25,1,0,0,1174,16,0,1,23,1,0,0,3,0,0,0,0,0,1,1,0,0,2
409,C23,36.7,5,16.7,0.3,0.3,1,1,0,40,1,0,146.72,36.68,0.25,1,0,0,1174,9.2,0,1,23,1,0,0,5,0,0,0,0,0,1,1,0,0,2
410,C23,45.9,5,37.5,0.3,0.8,3,1,0,41,0,1,61.13,15.28,0.25,1,0,0,1174,11.5,0,1,23,1,0,0,10,0,0,0,0,0,1,1,0,0,2
411,C23,45.9,5,,0.3,0.8,3,1,0,54,0,1,61.13,15.28,0.25,1,0,0,1174,11.5,0,1,23,1,0,0,10,0,0,0,0,0,1,1,0,0,2
412,C24,73.4,5,33.3,0.2,0.5,3,0,1,48,1,0,146.72,24.45,0.17,1,0,0,1305,18.3,0,1,24,1,0,1,1.5,0,0,0,1,0,0,0,0,0,0
413,C24,36.7,5,50.0,0.1,0.3,2,0,1,49,0,1,146.72,18.34,0.13,1,0,0,1305,9.2,0,1,24,1,0,1,1,0,0,0,1,0,0,0,0,0,0
414,C24,73.4,5,20.0,0.3,0.5,2,0,1,56,1,0,146.72,36.68,0.25,1,0,0,1305,18.3,0,1,24,1,0,0,2.5,0,0,0,1,0,0,0,0,0,0
415,C24,82.5,5,33.3,0.3,0.5,2,1,0,35,1,0,165.06,41.27,0.25,1,0,0,1305,20.6,0,1,24,1,0,1,1.25,0,0,0,1,0,0,0,0,0,0
416,C24,68.8,5,12.5,0.1,0.3,3,1,0,37,0,1,275.1,22.93,0.08,1,0,0,1305,17.2,0,1,24,1,0,1,1,0,0,0,1,0,0,0,0,0,0
417,C24,64.2,5,28.6,0.3,0.5,2,0,1,36,0,1,128.38,32.1,0.25,1,0,0,1305,16,0,1,24,1,0,1,1.25,0,0,0,1,0,0,0,0,0,0
418,C24,64.2,5,16.7,0.1,0.3,2,1,0,43,1,0,256.76,32.1,0.13,1,0,0,1305,16,0,1,24,1,0,1,1,0,0,0,1,0,0,0,0,0,0
419,C24,91.7,5,28.6,0.3,0.5,2,1,0,34,1,0,183.4,45.85,0.25,1,0,0,1305,22.9,0,1,24,1,0,1,1.25,0,0,0,1,0,0,0,0,0,0
420,C25,64.2,5,12.5,0.1,0.3,2,0,1,39,0,1,256.76,32.1,0.13,1,0,1,1350,16,0,1,25,1,0,0,5,0,0,0,0,0,0,0,0,0,0
421,C25,91.7,5,22.2,0.3,0.5,2,0,1,42,0,1,183.4,45.85,0.25,1,0,1,1350,22.9,0,1,25,1,0,0,5,0,0,0,0,0,0,0,0,0,0
422,C25,64.2,5,16.7,0.1,0.3,2,0,1,26,1,0,256.76,32.1,0.13,1,0,1,1350,16,0,1,25,1,0,0,10,0,0,0,0,0,0,0,0,0,0
423,C25,68.8,5,12.5,0.1,0.3,2,1,0,67,1,0,275.1,34.39,0.13,1,0,1,1350,17.2,0,1,25,1,0,0,4,0,0,0,0,0,0,0,0,0,0
424,C25,45.9,5,25.0,0.3,0.3,1,0,1,56,1,0,183.4,45.85,0.25,1,0,1,1350,11.5,0,1,25,1,0,1,2,0,0,0,0,0,0,0,0,0,0
425,C25,64.2,5,16.7,0.1,0.3,2,0,1,33,0,1,256.76,32.1,0.13,1,0,1,1350,16,0,1,25,1,0,0,12,0,0,0,0,0,0,0,0,0,0
426,C25,64.2,5,16.7,0.3,0.3,1,0,1,28,1,0,256.76,64.19,0.25,1,0,1,1350,16,0,1,25,1,0,0,5,0,0,0,0,0,0,0,0,0,0
427,C25,91.7,5,25.0,0.3,0.5,2,0,1,48,1,0,183.4,45.85,0.25,1,0,1,1350,22.9,0,1,25,1,0,0,7,0,0,0,0,0,0,0,0,0,0
428,C25,91.7,5,25.0,0.3,0.5,2,0,1,37,1,0,183.4,45.85,0.25,1,0,1,1350,22.9,0,1,25,1,0,0,5,0,0,0,0,0,0,0,0,0,0
429,C25,68.8,5,12.5,0.1,0.3,2,0,1,33,1,0,275.1,34.39,0.13,1,0,1,1350,17.2,0,1,25,1,0,0,4,0,0,0,0,0,0,0,0,0,0
430,C25,91.7,5,25.0,0.3,0.5,2,0,1,56,1,0,183.4,45.85,0.25,1,0,1,1350,22.9,0,1,25,1,0,0,5,0,0,0,0,0,0,0,0,0,0
431,C25,91.7,5,20.0,0.2,0.5,3,0,1,43,1,0,183.4,30.57,0.17,1,0,1,1350,22.9,0,1,25,1,0,0,5,0,0,0,0,0,0,0,0,0,0
432,C25,91.7,5,57.1,0.3,1,4,0,1,51,0,1,91.7,22.93,0.25,1,0,1,1350,22.9,0,1,25,1,0,0,3,0,0,0,0,0,0,0,0,0,0
433,C25,27.5,5,10.0,0.3,0.3,1,0,1,36,0,1,110.04,27.51,0.25,1,0,1,1350,6.9,0,1,25,1,0,0,5,0,0,0,0,0,0,0,0,0,0
434,C25,50.4,5,25.0,0.3,0.5,2,0,1,38,1,0,100.87,25.22,0.25,1,0,1,1350,12.6,0,1,25,1,0,0,7,0,0,0,0,0,0,0,0,0,0
435,C25,183.4,5,33.3,0.3,1,4,0,1,30,0,1,183.4,45.85,0.25,1,0,1,1350,45.9,0,1,25,1,0,0,3,0,0,0,0,0,0,0,0,0,0
436,C26,27.5,5,37.5,0.3,0.8,3,0,1,45,1,0,36.68,9.17,0.25,1,0,0,1514,6.9,0,1,26,1,0,0,6,0,0,0,0,0,0,0,0,0,0
437,C26,183.4,5,16.0,0.3,1,4,0,1,44,1,0,183.4,45.85,0.25,1,0,0,1514,45.9,0,1,26,1,0,0,8,0,0,0,0,0,0,0,0,0,0
438,C26,32.1,5,40.0,0.3,1,4,0,1,49,1,0,32.1,8.02,0.25,1,0,0,1514,8,0,1,26,1,0,0,8,0,0,0,0,0,0,0,0,0,0
439,C26,18.3,5,16.7,0.3,0.3,1,0,1,35,1,0,73.36,18.34,0.25,1,0,0,1514,4.6,0,1,26,1,0,0,8,0,0,0,0,0,0,0,0,0,0
440,C26,9.2,5,33.3,0.3,0.3,1,0,1,32,1,0,36.68,9.17,0.25,1,0,0,1514,2.3,0,1,26,1,0,0,7,0,0,0,0,0,0,0,0,0,0
441,C26,55,5,9.1,0.3,0.3,1,0,1,40,1,0,220.08,55.02,0.25,1,0,0,1514,13.8,0,1,26,1,0,0,6,0,0,0,0,0,0,0,0,0,0
442,C26,45.9,5,20.0,0.3,0.3,1,1,0,30,1,0,183.4,45.85,0.25,1,0,0,1514,11.5,0,1,26,1,0,0,4,0,0,0,0,0,0,0,0,0,0
443,C26,137.6,5,20.0,0.3,0.5,2,0,1,20,1,0,275.1,68.78,0.25,1,0,0,1514,34.4,0,1,26,1,0,0,6,0,0,0,0,0,0,0,0,0,0
444,C26,110,5,50.0,0.3,1.5,6,0,1,39,0,1,73.36,18.34,0.25,1,0,0,1514,27.5,0,1,26,1,0,0,6,0,0,0,0,0,0,0,0,0,0
445,C26,73.4,5,10.0,0.3,0.8,3,0,1,73,0,1,97.81,24.45,0.25,1,0,0,1514,18.3,0,1,26,1,0,0,4,0,0,0,0,0,0,0,0,0,0
446,C26,82.5,5,26.7,0.3,1,4,1,0,45,0,1,82.53,20.63,0.25,1,0,0,1514,20.6,0,1,26,1,0,0,4,0,0,0,0,0,0,0,0,0,0
447,C26,137.6,5,20.0,0.2,0.5,3,1,0,43,0,1,275.1,45.85,0.17,1,0,0,1514,34.4,0,1,26,1,0,0,7,0,0,0,0,0,0,0,0,0,0
448,C26,64.2,5,15.4,0.3,0.5,2,0,1,30,0,1,128.38,32.1,0.25,1,0,0,1514,16,0,1,26,1,0,0,10,0,0,0,0,0,0,0,0,0,0
449,C26,183.4,5,40.0,0.3,2,8,0,1,52,1,0,91.7,22.93,0.25,1,0,0,1514,45.9,0,1,26,1,0,0,6,0,0,0,0,0,0,0,0,0,0
450,C26,137.6,5,31.6,0.3,1.5,6,0,1,52,1,0,91.7,22.93,0.25,1,0,0,1514,34.4,0,1,26,1,0,0,6,0,0,0,0,0,0,0,0,0,0
